{
  "Recall@k": 0.704,
  "MRR": 0.465018253968254,
  "NDCG@k": 0.5159762935933321,
  "AvgLatency": 0.027842716693878174
}