{
  "Dense": {
    "recall@1": 0.8147862096774511,
    "precision@1": 0.8381729564514336,
    "ndcg@1": 0.8381729564514336,
    "recall@3": 0.9697464151170053,
    "precision@3": 0.342045796626392,
    "ndcg@3": 0.9164260108660646,
    "recall@5": 0.9978494623655914,
    "precision@5": 0.21123697631444133,
    "ndcg@5": 0.9284589339922074,
    "recall@10": 1.0,
    "precision@10": 0.10583354192066154,
    "ndcg@10": 0.9292249709537299,
    "mrr": 0.905311046021652,
    "search_time_ms": 25.177550283406383,
    "_fold_count": 5,
    "_std_results": {
      "recall@1": 0.034673582643466976,
      "precision@1": 0.03006150407348872,
      "ndcg@1": 0.03006150407348872,
      "recall@3": 0.01429588464720831,
      "precision@3": 0.0015594712622946968,
      "ndcg@3": 0.01669111469830204,
      "recall@5": 0.004808748338709221,
      "precision@5": 0.003412458940094704,
      "ndcg@5": 0.01223490905165489,
      "recall@10": 0.0,
      "precision@10": 0.0017355905697464418,
      "ndcg@10": 0.012841239121246061,
      "mrr": 0.017058251761274477,
      "search_time_ms": 6.151123116590656
    }
  },
  "Hybrid": {
    "recall@1": 0.6731076548719626,
    "precision@1": 0.693723373391046,
    "ndcg@1": 0.693723373391046,
    "recall@3": 0.8655002582358934,
    "precision@3": 0.30340388426130893,
    "ndcg@3": 0.7964531063675181,
    "recall@5": 0.9336947451540414,
    "precision@5": 0.19722763534763793,
    "ndcg@5": 0.8254967354809563,
    "recall@10": 0.9943855810125776,
    "precision@10": 0.10516457314019886,
    "ndcg@10": 0.8454352730850311,
    "mrr": 0.7996232540386294,
    "search_time_ms": 21.56070183221567,
    "_fold_count": 5,
    "_std_results": {
      "recall@1": 0.058239728742447254,
      "precision@1": 0.057027974920595546,
      "ndcg@1": 0.057027974920595546,
      "recall@3": 0.04695270977948731,
      "precision@3": 0.013325981925253557,
      "ndcg@3": 0.04243211831726585,
      "recall@5": 0.025860959980792807,
      "precision@5": 0.0053465823840155155,
      "ndcg@5": 0.0306681970783551,
      "recall@10": 0.005792639082013271,
      "precision@10": 0.002014028187784039,
      "ndcg@10": 0.02579653928581269,
      "mrr": 0.03553995239464033,
      "search_time_ms": 1.7135125393299884
    }
  }
}