feature,importance
bm25_score,402.50426997290924
dense_score,231.7062201705994
section_len,394.2717729541473
is_pos,78179.08708763123
is_neg,683.5734175294638
