epoch,steps,cosine-Accuracy@1,cosine-Accuracy@3,cosine-Accuracy@5,cosine-Accuracy@10,cosine-Precision@1,cosine-Recall@1,cosine-Precision@3,cosine-Recall@3,cosine-Precision@5,cosine-Recall@5,cosine-Precision@10,cosine-Recall@10,cosine-MRR@10,cosine-NDCG@10,cosine-MAP@100
1.0,139,0.7380952380952381,0.9166666666666666,0.9523809523809523,0.9761904761904762,0.7380952380952381,0.7182539682539683,0.32539682539682535,0.9107142857142857,0.20238095238095233,0.9464285714285714,0.10476190476190475,0.9761904761904762,0.8360260770975058,0.8716724301383042,0.837040687487116
2.0,278,0.8214285714285714,0.9761904761904762,1.0,1.0,0.8214285714285714,0.7956349206349206,0.34920634920634913,0.9761904761904762,0.21428571428571427,1.0,0.10714285714285714,1.0,0.8982142857142857,0.9239171945263871,0.8972222222222221
3.0,417,0.9166666666666666,1.0,1.0,1.0,0.9166666666666666,0.8849206349206349,0.35317460317460314,0.9940476190476191,0.21428571428571427,1.0,0.10714285714285714,1.0,0.9543650793650794,0.9646650486094682,0.9513888888888887
