{
  "dense_retriever": {    
    "model_dir": "<omitted>/dsa4213-group3-pdpa-qa-system/artefacts/dense_retriever/model",
    "faiss_index_dir": "<omitted>/dsa4213-group3-pdpa-qa-system/artefacts/dense_retriever/faiss",
    "metrics": {
      "recall@1": 0.5076923076923077,
      "recall@5": 0.8261538461538461,
      "recall@10": 0.8546153846153846,
      "ndcg@1": 0.5576923076923077,
      "ndcg@3": 0.6907020822115424,
      "ndcg@5": 0.7138632778373593,
      "ndcg@10": 0.7271236724612314,
      "mrr": 0.675503663003663,
      "mrr@1": 0.5576923076923077,
      "mrr@3": 0.657051282051282,
      "mrr@5": 0.669551282051282,
      "mrr@10": 0.675503663003663,
      "latency": {
        "p50_ms": 13.522505760192871,
        "p90_ms": 54.185009937244345,
        "avg_ms": 21.083588783557598
      }
    }
  },
  "hybrid_default": {},
  "hybrid_optimized": {
    "best_params": {
      "fusion_method": "rrf",
      "rrf_k": 60
    },
    "metrics": {
      "recall@1": 0.5384615384615384,
      "recall@5": 0.8269230769230769,
      "recall@10": 0.8653846153846154,
      "ndcg@1": 0.5384615384615384,
      "ndcg@3": 0.654758423626378,
      "ndcg@5": 0.6936413378158091,
      "ndcg@10": 0.7065581082753043,
      "mrr": 0.6549679487179487,
      "mrr@1": 0.5384615384615384,
      "mrr@3": 0.6282051282051282,
      "mrr@5": 0.6493589743589744,
      "mrr@10": 0.6549679487179487,
      "latency": {
        "p50_ms": 12.663960456848145,
        "p90_ms": 18.333787506730737,
        "avg_ms": 13.546122954441952
      }
    }
  },
  "bm25": {
    "best_params": {
      "k1": 1.2,
      "b": 0.3
    },
    "metrics": {
      "recall@1": 0.40384615384615385,
      "recall@5": 0.6538461538461539,
      "recall@10": 0.7115384615384616,
      "ndcg@1": 0.40384615384615385,
      "ndcg@3": 0.5151072792582451,
      "ndcg@5": 0.5382684748840619,
      "ndcg@10": 0.5571556199504542,
      "mrr": 0.5075778388278388,
      "mrr@1": 0.40384615384615385,
      "mrr@3": 0.48717948717948717,
      "mrr@5": 0.4996794871794872,
      "mrr@10": 0.5075778388278388,
      "latency": {
        "p50_ms": 0.27060508728027344,
        "p90_ms": 0.3871823236438082,
        "avg_ms": 0.28621691923875076
      }
    }
  }
}