{
  "device": "mps",
  "dense_retriever": {
    "model_dir": "/Users/bytedance/Downloads/dsa4213-group3-pdpa-qa-system/artifacts/dense_retriever",
    "faiss_index_dir": "/Users/bytedance/Downloads/dsa4213-group3-pdpa-qa-system/artifacts/faiss",
    "metrics": {
      "recall@1": 0.5175438596491229,
      "recall@5": 0.7807017543859649,
      "recall@10": 0.8157894736842105,
      "mrr": 0.6266157818789397,
      "latency": {
        "p50_ms": 13.138532638549805,
        "p90_ms": 21.610069039548414,
        "avg_ms": 14.516123554162812
      }
    }
  },
  "hybrid_default": {
    "params": {
      "alpha": 0.5,
      "fusion_method": "rrf",
      "rrf_k": 30
    },
    "metrics": {
      "recall@1": 0.5,
      "recall@5": 0.7105263157894737,
      "recall@10": 0.868421052631579,
      "mrr": 0.6171234710708395,
      "latency": {
        "p50_ms": 15.379667282104492,
        "p90_ms": 19.627914288601097,
        "avg_ms": 15.20890520330061
      }
    }
  },
  "hybrid_optimized": {
    "best_params": {
      "fusion_method": "rrf",
      "rrf_k": 60
    },
    "metrics": {
      "recall@1": 0.5,
      "recall@5": 0.7456140350877193,
      "recall@10": 0.8421052631578947,
      "mrr": 0.6154820812715549,
      "latency": {
        "p50_ms": 14.426112174987793,
        "p90_ms": 18.742889592624643,
        "avg_ms": 14.701924825969495
      }
    }
  },
  "bm25": {
    "best_params": {
      "k1": 1.2,
      "b": 0.3
    },
    "metrics": {
      "recall@1": 0.3772,
      "recall@5": 0.6316,
      "recall@10": 0.7281,
      "mrr": 0.4815,
      "latency": {
        "p50_ms": 2.5,
        "p90_ms": 4.2,
        "avg_ms": 2.8
      }
    }
  }
}